Id,ExcerptPostId,WikiPostId,TagName,Count
1,84634,84633,comments,198
3,133740,133739,code-smell,165
4,4802,4801,programming-languages,1383
5,,,usage,8
7,109610,109609,business,126
8,48555,48554,project-management,917
9,143950,143949,development-process,718
11,107405,107404,performance,819
12,,,time-management,87
13,133802,133801,dynamic-typing,98
14,437694,437693,static-typing,80
16,166744,166743,team,222
23,,,waterfall,49
28,67239,67238,functional-programming,726
36,104484,104483,web-applications,1059
38,48945,48944,hiring,58
40,284751,284750,resources,105
41,170221,170220,math,283
45,,,billing,20
46,121103,121102,freelancing,205
47,167443,167442,pricing,55
49,67236,67235,twitter,22
50,49001,49000,software,306
51,168228,168227,technology,46
52,49448,49447,books,124
53,379094,379093,actor-model,46
54,179324,179323,concurrency,362
55,121323,121322,code-quality,638
56,,,test-coverage,73
57,65197,65196,open-source,909
58,106197,106196,history,338
61,47902,47901,linux,293
62,,,kernel,37
63,155248,155247,resume,33
65,54867,54866,agile,1127
67,,,project-hosting,23
71,54813,54812,productivity,354
76,43376,43375,java,4848
78,47876,47875,python,1925
82,145717,145716,applications,103
83,71900,71899,tools,113
87,232501,232500,telecommuting,11
89,70109,70108,self-improvement,235
91,75373,75372,websites,176
92,150077,150076,organization,128
94,,,technique,27
96,,,social,11
102,143965,143964,language-design,478
104,73291,73290,syntax,191
105,55779,55778,learning,355
109,236429,236428,regular-expressions,89
110,54503,54502,web-development,1535
111,47756,47755,ide,137
114,144317,144316,windows,320
117,,,goto,15
118,134613,134612,programming-practices,1563
119,133804,133803,operating-systems,229
120,,,managed-code,12
121,,,stereotypes,2
126,289073,289072,behavior,25
130,48538,48537,language-agnostic,543
131,,,features,39
132,168232,168231,estimation,259
133,,,indentation,27
136,40776,40775,coding,91
140,135834,135833,computer-science,193
141,2990,2989,php,2039
142,45205,45204,skills,160
144,145713,145712,languages,91
145,,,database-development,108
146,91928,91927,spring,291
147,47894,47893,sql,740
150,,,list,96
151,155213,155212,reference,47
157,47892,47891,unit-testing,1715
158,49179,49178,testing,1428
159,234977,234976,acceptance-testing,97
164,,,software-patent,17
167,,,internet-explorer,25
168,132476,132475,mac,46
169,144322,144321,deployment,315
170,,,physics,15
174,167436,167435,hardware,148
178,133753,133752,paradigms,99
180,167348,167347,macros,44
187,206948,206947,logging,261
188,40766,40765,.net,1422
189,,,text-editor,47
190,94951,94950,ethics,92
191,64504,64503,motivation,33
192,,,testers,7
194,,,sales,20
198,,,architect,12
200,344855,344854,paas,8
201,114189,114188,passwords,105
202,143952,143951,security,881
208,133716,133715,gpl,496
211,179342,179341,apple,50
212,143646,143645,cpu,119
214,67860,67859,iphone,130
215,155236,155235,mobile,298
216,232541,232540,marketing,23
220,,,government,7
224,,,saml,13
226,47888,47887,asp.net,623
229,113571,113570,object-oriented,3277
230,218787,218786,aspect-oriented,40
231,,,adfsv2,2
234,214484,214483,sso,29
236,182190,182189,code-reuse,176
239,135578,135577,uml,609
242,,,iterative-development,22
243,105693,105692,experience,96
246,209193,209192,code-contracts,12
249,6620,6619,c#,4819
250,40771,40770,vb.net,129
251,151669,151668,scheme,59
252,72690,72689,lisp,111
255,,,error-messages,66
258,80646,80645,etymology,24
264,51654,51653,vim,15
266,,,prediction,8
267,275360,275359,culture,32
268,72687,72686,emacs,17
270,179330,179329,google,81
271,,,search-engine,49
274,309677,309676,focus,2
277,,,flowchart,33
279,124397,124396,coding-standards,541
280,99225,99224,interview,289
281,133746,133745,browser,95
282,436879,436878,front-end,159
285,,,spoken-languages,22
287,54806,54805,html,420
288,74471,74470,css,277
294,100104,100103,management,253
300,230273,230272,erp,24
301,,,users,78
304,,,openid,31
311,64486,64485,algorithms,2169
312,261782,261781,complexity,218
315,,,jargon,14
318,135348,135347,project,127
335,210828,210827,stackoverflow,12
336,,,mistakes,15
338,236199,236198,language-features,149
340,40769,40768,joel-test,12
341,144258,144257,code-complete,20
344,77703,77702,mvc,941
347,,,development-cycle,8
348,,,release,87
353,,,ideology,2
354,,,economics,11
355,,,profession,6
357,47900,47899,scrum,738
359,44143,44142,version-control,954
362,48943,48942,free-time,13
363,170216,170215,communication,226
365,40784,40783,visual-studio-2010,51
367,,,pseudocode,38
374,165799,165798,builds,175
375,,,meetings,28
377,309354,309353,comparison,111
378,179336,179335,problem-solving,88
380,,,recognition,12
383,,,scope-creep,8
385,,,social-networks,35
388,145711,145710,solo-development,62
390,144199,144198,cobol,17
391,49029,49028,design-patterns,4300
392,436887,436886,singleton,138
394,55781,55780,teaching,12
395,,,fonts,18
399,72692,72691,pair-programming,51
404,136902,136901,artificial-intelligence,135
407,,,philosophy,34
408,48551,48550,code-reviews,354
409,56044,56043,frameworks,303
413,167019,167018,contribution,23
414,271388,271387,variables,201
416,,,product-names,4
417,,,time,86
421,229038,229037,operators,85
422,53691,53690,f#,80
427,,,bad-code,28
429,75887,75886,terminology,750
430,179346,179345,inheritance,554
431,142389,142388,versioning,320
432,,,semantics,76
437,137156,137155,scalability,204
441,144195,144194,pointers,137
444,,,osx,24
447,,,iterator,67
450,,,parallelism,92
451,132611,132610,exceptions,481
453,,,product,22
457,,,statistics,60
459,95833,95832,actionscript,19
467,,,feedback,15
469,,,etiquette,30
470,,,portability,41
471,47896,47895,ruby-on-rails,280
472,48546,48545,jquery,214
477,67592,67591,education,125
478,131728,131727,software-craftsmanship,16
480,135391,135390,training,46
482,47890,47889,c,1272
483,84230,84229,objective-c,193
484,133743,133742,cms,74
485,167531,167530,scripting,132
488,,,outsourcing,40
491,67356,67355,scala,239
492,352124,352123,migration,107
494,,,information,33
495,285385,285384,overload,14
498,61604,61603,wpf,259
499,193405,193404,standardization,31
501,167017,167016,beta,15
502,65504,65503,ruby,288
503,179354,179353,google-app-engine,62
506,,,virtualization,34
508,47827,47826,c++,2659
511,84960,84959,go,134
527,112005,112004,maintenance,207
529,435903,435902,research,49
530,,,vulnerabilities,14
533,,,senior-developer,13
536,,,tracking,26
539,,,file-structure,76
541,,,minimal-requirements,4
544,,,top-companies,2
548,,,structural-programming,3
551,,,credits,8
557,190042,190041,mainframe,14
558,,,intel,10
559,,,errors,55
560,133784,133783,nosql,222
561,145045,145044,bash,37
563,74424,74423,perl,69
566,133726,133725,xml,256
567,121107,121106,documentation,621
571,140437,140436,mocking,183
574,,,articles,6
575,294301,294300,sorting,199
577,,,media,8
579,43062,43061,refactoring,720
580,115462,115461,mysql,517
581,390207,390206,declarative-programming,24
584,,,shortcuts,4
587,,,financial,33
590,,,development-methodologies,132
591,136287,136286,oracle,76
595,,,failure,25
598,135899,135898,libraries,375
599,,,collaboration,88
602,133729,133728,orm,274
603,133796,133795,django,207
604,206742,206741,javafx,36
608,206944,206943,recruiting,7
609,79295,79294,design,5001
615,,,web-tools,2
617,,,syntax-highlight,10
619,235310,235309,writing,21
622,,,multi-core,24
626,,,data-types,148
627,411513,411512,cowboy-coding,9
628,179513,179512,visual-basic,25
633,,,budget,15
638,,,plugins,68
639,124389,124388,mercurial,108
641,436881,436880,distributed-computing,158
643,40782,40781,basic,15
644,167341,167340,contract,52
646,,,interruptions,2
649,,,stories,12
650,187020,187019,product-owner,48
651,138444,138443,microsoft,82
655,83023,83022,delphi,65
659,194994,194993,load-testing,14
660,49266,49265,notepad++,4
661,,,customer-relations,55
667,,,platforms,14
669,135197,135196,wcf,162
671,280093,280092,puzzles,20
673,,,cryptography,62
676,,,support,39
680,,,conditions,124
681,136276,136275,naming,640
682,164691,164690,github,349
687,135919,135918,optimization,385
688,167602,167601,jit,33
690,179507,179506,prototyping,73
691,167529,167528,automation,112
694,158159,158158,functions,311
696,,,implementations,99
700,,,bsd,14
703,,,industry,14
704,358597,358596,computer-architecture,61
717,,,changes,28
728,,,services,113
730,276058,276057,jdbc,32
732,67234,67233,mono,33
734,47904,47903,eclipse,58
735,71128,71127,visual-studio,247
736,,,distributed-development,34
738,154470,154469,free-software,45
740,,,binary,87
742,,,code-generation,60
746,111999,111998,requirements,375
748,216861,216860,azure,151
751,,,amazon-ec2,30
755,47886,47885,javascript,2085
756,232519,232518,programming-logic,58
761,167357,167356,language-choice,36
762,136730,136729,cross-platform,135
765,171600,171599,enterprise-architecture,306
768,,,software-updates,64
772,,,forward-compatibility,4
775,179317,179316,workflows,255
781,,,obfuscation,26
785,,,hacking,22
787,47913,47912,silverlight,70
788,,,formal-methods,21
790,112001,112000,architecture,3370
791,64506,64505,gui,248
798,143983,143982,personal-projects,53
802,,,user-group,7
803,,,community,19
808,302180,302179,strings,196
809,136113,136112,debugging,246
811,168230,168229,knowledge,18
813,131988,131987,dvcs,70
815,,,sharepoint,14
817,121325,121324,coding-style,1021
818,81793,81792,kanban,49
819,,,quality-attributes,16
829,436824,436823,entity,124
834,436889,436888,modules,136
837,,,ipad,19
838,,,games,26
840,167339,167338,copyright,179
845,,,professionalism,21
847,49032,49031,database,2057
848,,,sequence,24
849,,,product-features,28
855,182192,182191,lgpl,121
856,436875,436874,composition,166
857,,,headers,76
868,,,time-stamp,9
869,67915,67914,legal,262
871,,,relationships,63
872,288986,288985,smalltalk,17
873,166753,166752,web,249
874,132944,132943,soa,163
876,,,time-tracking,19
879,,,third-party-libraries,112
883,179359,179358,clean-code,493
886,,,jruby,7
887,117777,117776,groovy,35
889,190602,190601,jvm,77
890,,,iis7,7
892,,,codeplex,4
897,,,db2,12
898,,,mind-mapping,5
899,161518,161517,anti-patterns,225
901,,,web-2.0,3
903,,,labels,6
905,165867,165866,specifications,161
907,232742,232741,big-o,133
910,,,email,122
913,204687,204686,static-analysis,54
914,,,hungarian,9
915,,,notation,22
919,146907,146906,internationalization,104
920,58763,58762,entity-framework,371
921,436853,436852,message-queue,229
927,,,elance,3
928,,,side-effect,43
929,234185,234184,reverse-engineering,33
931,,,async,160
933,138954,138953,assertions,45
935,235354,235353,meta-programming,29
947,,,switch-statement,57
948,131445,131444,netbeans,16
950,,,end-user-programming,3
954,135532,135531,html5,183
955,,,flash,33
956,49669,49668,unicode,63
957,54810,54809,ajax,184
958,,,trac,4
959,,,construction,19
962,167021,167020,planning,146
963,436895,436894,interpreters,94
968,,,performance-tools,5
969,194992,194991,stress-testing,4
971,284717,284716,wordpress,38
972,205805,205804,sprint,106
973,151814,151813,sap,8
974,179549,179548,abap,4
978,,,downtime,6
980,209000,208999,domain-model,326
981,232503,232502,remote-desktop,7
983,,,profiling,38
988,263416,263415,code-formatting,59
993,,,seo,19
995,123982,123981,clang,15
996,139857,139856,llvm,14
997,,,specialization,8
998,133722,133721,sql-server,348
1000,,,mfc,12
1001,205269,205268,qt,115
1002,182197,182196,ui,125
1003,293808,293807,directx,6
1004,132954,132953,opengl,60
1005,,,web-framework,81
1007,,,case-studies,7
1008,47906,47905,api,1254
1010,,,grammar,61
1018,,,utilities,15
1020,,,hosting,32
1021,,,web-hosting,26
1022,,,identity,46
1024,81788,81787,lean,22
1025,,,installer,48
1026,336861,336860,dependency-analysis,20
1027,436871,436870,project-structure,188
1037,132604,132603,web-services,603
1038,123944,123943,etl,49
1040,229008,229007,selenium,55
1041,,,gwt,20
1042,49454,49453,android,587
1043,,,workaround,3
1044,258424,258423,vaadin,2
1046,,,keyboard-shortcuts,7
1051,394809,394808,jpa,59
1053,,,usage-statistics,12
1054,,,benchmarking,40
1055,,,ms-pl,8
1057,,,graphics,99
1058,436883,436882,diagrams,150
1059,149572,149571,efficiency,180
1061,,,cluster,55
1062,40774,40773,visual-basic-6,18
1066,232727,232726,deadlines,22
1069,384991,384990,access-modifiers,41
1070,387777,387776,encryption,135
1074,378298,378297,methods,195
1076,,,desktop,6
1082,,,presentation,26
1083,289537,289536,product-management,21
1087,179350,179349,abstraction,214
1088,,,environment,38
1090,403709,403708,recursion,165
1092,167540,167539,jsp,39
1093,,,site-blocking,3
1095,,,nhibernate,31
1098,74728,74727,tdd,649
1099,147907,147906,foss,27
1102,433300,433299,intellij,11
1103,150276,150275,validation,270
1104,234334,234333,control-structures,41
1107,130406,130405,facebook,34
1109,179505,179504,software-as-a-service,82
1110,109608,109607,teamwork,363
1112,179326,179325,domain-driven-design,1514
1113,105468,105467,solid,381
1114,,,pragmatism,13
1115,179338,179337,assembly,167
1116,227976,227975,low-level,71
1118,167015,167014,branching,243
1119,,,scheduling,120
1122,167013,167012,configuration,198
1123,,,gantt-chart,4
1124,179515,179514,e-commerce,87
1128,133736,133735,rest,1511
1130,339906,339905,accessibility,11
1132,,,mockups,9
1133,,,quality,123
1137,,,access,24
1139,,,entrepreneurship,7
1143,147025,147024,chrome,33
1144,179328,179327,theory,158
1145,171465,171464,type-casting,68
1147,,,rdbms,66
1148,229036,229035,persistence,129
1149,134217,134216,xaml,32
1151,,,monodroid,6
1153,284713,284712,apache,60
1157,133807,133806,linq,88
1158,352133,352132,lambda,90
1160,,,wiki,15
1161,237490,237489,redmine,6
1162,,,advantages,3
1163,130666,130665,technical-debt,80
1164,55121,55120,ios,410
1165,40778,40777,team-leader,65
1170,,,team-building,23
1171,,,activity,35
1173,,,diff,20
1175,124157,124156,erlang,40
1176,,,symbian,2
1177,,,gui-design,25
1178,166713,166712,enum,128
1183,199622,199621,sdlc,95
1185,,,delimited-files,3
1186,167536,167535,file-handling,161
1188,,,stored-procedures,61
1189,233975,233974,packages,138
1191,,,product-design,3
1193,361823,361822,metrics,98
1194,,,web-browser,25
1195,,,terms-of-service,11
1197,,,internet,33
1198,,,myth,3
1199,,,messaging,96
1201,340237,340236,pubsub,62
1202,207375,207374,middleware,44
1207,194933,194932,distribution,57
1209,72650,72649,haskell,258
1214,,,ebook,8
1222,196638,196637,data,439
1223,178418,178417,usability,37
1226,,,professional-development,13
1237,352126,352125,enterprise-development,51
1243,,,cassandra,22
1246,,,review,31
1247,,,mentor,10
1249,,,manuals,6
1250,,,production,68
1251,99221,99220,legacy,115
1252,,,dll,49
1253,229742,229741,ansi,8
1255,,,iso,23
1257,337636,337635,captcha,9
1259,261857,261856,reinventing-the-wheel,13
1260,,,unions,8
1261,,,code-organization,108
1265,48844,48843,svn,226
1266,,,attributes,23
1267,436820,436819,modeling,226
1269,350691,350690,networking,241
1273,,,software-evaluation,12
1274,,,mef,10
1275,,,code-layout,11
1276,,,whitespace,19
1280,,,user-control,19
1281,,,desktop-application,93
1282,234190,234189,robotics,12
1283,439231,439230,difference,22
1285,238072,238071,garbage-collection,107
1286,317549,317548,smart-pointer,34
1287,119854,119853,readability,195
1290,86423,86422,asp.net-mvc,554
1291,,,methodology,113
1294,134617,134616,user-interface,203
1296,,,porting,48
1301,166834,166833,winforms,108
1302,138781,138780,application-design,140
1310,,,pitfalls,5
1313,,,app,56
1315,167353,167352,invariants,24
1321,,,aesthetics,2
1322,,,declarative,9
1331,134627,134626,data-structures,877
1332,,,binary-tree,54
1333,,,idioms,38
1334,,,business-logic,169
1335,,,business-rules,64
1336,,,rules-and-constraints,40
1337,,,constructs,3
1338,84905,84904,documentation-generation,52
1339,,,wysiwyg,7
1343,,,visual-c++,23
1344,244548,244547,compiler,478
1345,,,design-principles,67
1346,189071,189070,data-mining,27
1348,131864,131863,nunit,22
1349,,,xhtml,18
1350,158719,158718,windows-phone-7,32
1351,104482,104481,licensing,1339
1354,179348,179347,mvvm,269
1356,,,system-reliability,22
1357,345003,345002,sockets,132
1366,,,import,32
1368,49054,49053,git,1133
1370,133718,133717,bug,141
1377,436856,436855,encapsulation,202
1378,,,chart,7
1381,,,android-market,22
1384,,,clearcase,7
1385,232526,232525,mdd,12
1386,,,lazy-initialization,37
1387,252223,252222,type-systems,163
1390,95835,95834,flex,12
1391,103975,103974,bdd,140
1393,155251,155250,source-code,269
1396,,,handheld,2
1402,,,copy-paste-programming,11
1407,337092,337091,concepts,117
1408,,,software-schedules,8
1412,80528,80527,qa,121
1413,,,aptana,2
1416,133791,133790,zend-framework,45
1417,171377,171376,cakephp,17
1418,319738,319737,codeigniter,42
1422,,,imagemagick,3
1424,139737,139736,grails,22
1426,,,64-bit,20
1427,,,32-bit,13
1430,79405,79404,xcode,37
1434,182188,182187,dba,6
1437,,,publications,6
1439,300557,300556,gcc,40
1440,,,templates,124
1441,,,freeware,8
1442,,,pyqt4,8
1445,121111,121110,drupal,15
1448,415969,415968,technical-support,21
1454,361757,361756,synchronization,191
1457,,,vi,4
1461,136726,136725,admob,1
1463,,,advertisement,10
1464,145708,145707,game-development,235
1465,,,simulation,57
1466,,,demonstration,5
1468,118903,118902,internship,28
1472,,,ria,7
1473,213249,213248,clr,25
1474,,,protocol,82
1479,287778,287777,null,121
1485,143945,143944,junior-programmer,84
1492,,,friends,4
1493,84223,84222,database-design,1276
1495,,,privacy,36
1500,,,mootools,3
1501,362484,362483,patterns-and-practices,355
1503,,,development-approach,30
1506,138422,138421,dependency-injection,631
1512,179334,179333,node.js,491
1521,227978,227977,high-level,24
1522,,,visual-studio-2008,4
1525,,,coupling,146
1527,182195,182194,http,369
1528,,,tcp,85
1531,,,online-identity,6
1535,132602,132601,web-design,42
1539,,,type-safety,28
1540,,,weak-typing,9
1543,155224,155223,localization,71
1547,313524,313523,copy-protection,20
1548,,,ironpython,4
1554,137907,137906,startup,56
1557,,,code-kata,5
1560,361784,361783,search,168
1561,283275,283274,law,15
1563,335972,335971,systems-analysis,55
1571,,,language-discussion,11
1572,339616,339615,command-line,66
1573,,,editor,15
1575,347059,347058,systems,6
1576,,,projects-and-solutions,53
1579,,,monad,44
1581,229006,229005,cucumber,24
1582,165151,165150,specflow,18
1583,,,xauth,2
1585,,,active-directory,23
1586,,,easter-eggs,2
1592,,,dom,34
1595,154830,154829,dsl,46
1596,167538,167537,runtime,69
1599,,,swing,54
1600,163904,163903,maintainability,136
1601,,,measurement,27
1604,,,change,18
1606,,,xna,5
1611,,,msbuild,13
1612,,,commandline-build-tool,8
1615,,,software-distribution,31
1617,,,transition,7
1620,305446,305445,utf-8,20
1621,,,character-encoding,57
1625,166731,166730,intellisense,9
1626,,,backward-compatibility,43
1631,,,file-extension,7
1632,210094,210093,closures,49
1638,229031,229030,hashing,162
1639,303125,303124,strategy,80
1642,191954,191953,r,34
1643,117272,117271,matlab,34
1645,134615,134614,user-experience,130
1647,,,rewrite,54
1652,137504,137503,generics,155
1653,,,system,37
1655,,,offshore,9
1656,389517,389516,bsd-license,101
1657,178500,178499,mit-license,157
1658,143967,143966,ecmascript,27
1660,,,industry-standard,21
1662,263175,263174,patents,14
1663,,,trademark,6
1664,350559,350558,evaluation,18
1666,284715,284714,iis,38
1667,143889,143888,virtual-machine,115
1670,196114,196113,python-3.x,147
1671,386712,386711,abstract-class,117
1674,229033,229032,x86,40
1677,,,knowledge-management,10
1678,283671,283670,knowledge-base,15
1679,,,sample,3
1681,144319,144318,firefox,21
1682,117338,117337,standards,163
1683,,,w3c,11
1684,,,count,6
1685,322573,322572,aggregate,161
1686,,,dbms,11
1687,365403,365402,web-scraping,44
1688,,,crawlers,5
1689,,,forms,30
1690,,,dictionary,54
1691,47884,47883,fortran,26
1693,,,export,15
1694,,,standard-library,21
1697,,,ssl,35
1704,,,intellectual-property,25
1705,,,date-format,32
1706,,,formatting,30
1707,,,ambiguity,8
1708,,,reflector,2
1709,,,windows-7,12
1710,,,joomla,9
1713,,,appstore,53
1714,,,image-manipulation,40
1716,167440,167439,engineering,110
1717,221527,221526,namespace,96
1718,,,file-storage,54
1719,166741,166740,class-design,434
1721,,,bpm,13
1723,390105,390104,business-process,29
1724,,,postfix,10
1727,179344,179343,development-environment,141
1737,307596,307595,certificate,23
1738,,,touchscreens,6
1739,144111,144110,asp.net-mvc-3,48
1740,,,code-snippets,7
1741,,,client-side,81
1742,167005,167004,server-side,104
1744,,,desktop-development,12
1750,167346,167345,unix,58
1751,,,color,25
1752,,,ipv6,5
1753,233224,233223,future-proof,16
1756,130382,130381,java-ee,149
1757,144116,144115,error-handling,298
1758,289153,289152,real-time,119
1761,358721,358720,repository,247
1763,289028,289027,human-factors,6
1765,,,noise,5
1766,134625,134624,caching,242
1767,133720,133719,issue-tracking,153
1768,167009,167008,backlog,15
1773,,,rational-unified-process,14
1779,,,content-management,24
1781,,,toolkit,3
1783,167527,167526,developer-tools,18
1786,170233,170232,client-relations,115
1791,115554,115553,natural-language-processing,43
1795,108357,108356,continuous-integration,355
1796,409951,409950,dependencies,203
1797,91991,91990,maven,100
1798,,,commercial,78
1801,,,visio,6
1803,,,finite-state-machine,118
1804,140916,140915,parsing,291
1805,47880,47879,hl7,6
1808,,,micro-isvs,3
1809,,,product-development,4
1813,167007,167006,object-oriented-design,1646
1815,366142,366141,ant,9
1816,,,xunit,20
1817,,,hudson,5
1818,78142,78141,integration-tests,269
1820,,,doctrine,15
1822,79138,79137,clojure,91
1826,440922,440921,microsoft-access,21
1827,,,neural-networks,44
1832,,,wording,15
1833,,,windows-registry,8
1835,379136,379135,ocaml,12
1836,,,numerical-equations,5
1838,,,software-obsolescence,4
1844,218991,218990,inversion-of-control,135
1845,,,ioc-containers,50
1846,110031,110030,machine-learning,135
1847,67587,67586,c99,12
1854,199413,199412,prolog,19
1855,167546,167545,proprietary,22
1857,171061,171060,storage,133
1858,,,linux-kernel,23
1861,,,negotiation,7
1862,119309,119308,jenkins,58
1864,242880,242879,apache-license,96
1867,,,ssd,3
1869,,,bcl,5
1870,180646,180645,couchdb,15
1871,206740,206739,mpl,21
1872,167534,167533,layers,178
1874,,,forum,5
1879,,,delegates,44
1881,179340,179339,memory,302
1882,,,initialization,52
1883,,,default-values,18
1884,,,journal,7
1885,,,im,2
1888,,,gpu,26
1891,,,n-tier,87
1897,,,stack-oriented,7
1898,,,rdms,4
1899,235647,235646,decompile,10
1900,306498,306497,scrum-master,33
1903,163390,163389,api-design,1080
1908,,,browser-compatibility,23
1909,,,code-metrics,28
1910,,,cyclomatic-complexity,34
1911,,,tests,21
1914,,,resharper,15
1915,,,linux-development,21
1917,,,sql-server-ce,2
1918,,,sp1,2
1920,,,systems-programming,16
1924,,,rss,9
1925,,,atom,6
1930,,,spreadsheet,11
1931,,,excel,57
1932,213246,213245,hadoop,23
1940,142046,142045,cli,34
1942,,,multilingual,13
1944,167350,167349,imperative-languages,11
1945,,,ibm,10
1948,,,logic-programming,20
1951,,,feature-requests,14
1954,,,prefix,7
1964,,,polyglot,11
1970,389830,389829,workflow-foundation,10
1978,,,company,17
1981,225451,225450,3d,35
1982,,,animation,18
1983,,,reading-code,17
1985,,,service-bus,36
1986,,,leadership,13
1987,,,automatic-update,13
1991,,,code-sample,7
1992,64079,64078,continuous-delivery,113
1994,,,grid-computing,6
1996,126828,126827,tomcat,38
1997,389515,389514,postgres,137
1998,389529,389528,hibernate,84
2000,,,creative-commons,35
2002,188241,188240,stm,3
2006,349039,349038,symfony,30
2011,,,comet,6
2012,,,push,25
2015,133724,133723,cloud-computing,137
2016,227963,227962,bitwise-operators,56
2032,67159,67158,lua,28
2033,,,binding,33
2034,181165,181164,sicp,14
2040,178198,178197,gitflow,135
2044,286501,286500,ssis,11
2045,,,closed-source,60
2053,145719,145718,backups,33
2055,,,markup,19
2057,,,escaping,11
2058,,,lamp,13
2065,375650,375649,relational-database,375
2069,,,stub,17
2072,169866,169865,extreme-programming,59
2074,284711,284710,file-systems,97
2076,,,document,13
2081,,,tsql,27
2083,163468,163467,interfaces,698
2085,,,extensibility,49
2088,287202,287201,crm,12
2103,,,permissions,90
2104,,,authorization,168
2110,,,data-warehouse,30
2111,,,trust,7
2116,,,technical-manuals,3
2120,99215,99214,ada,8
2128,225453,225452,adobe,4
2133,,,playframework,15
2137,,,role,7
2138,312719,312718,division-of-labor,9
2139,,,test-automation,67
2140,,,reporting,52
2141,,,report-generation,13
2143,,,information-presentation,11
2145,170236,170235,multithreading,663
2148,,,risk,13
2149,124565,124564,stl,28
2150,,,boost,26
2154,176213,176212,json,351
2155,105633,105632,csdp,3
2159,,,struts,4
2161,,,upgrade,26
2162,,,schema,86
2166,,,duck-typing,21
2176,,,extension-method,21
2179,,,cross-browser,17
2180,,,oauth,56
2181,286895,286894,authentication,404
2184,118634,118633,ubuntu,22
2186,,,text-encoding,25
2189,,,tablets,7
2196,308017,308016,configuration-management,103
2201,202553,202552,bug-report,37
2203,289539,289538,retrospective,9
2210,,,geospatial,31
2224,,,sql-injection,14
2227,,,hierarchy,49
2228,360678,360677,tagging,29
2232,,,scope,74
2237,179352,179351,release-management,184
2238,,,blackberry,4
2239,387685,387684,ado.net,13
2240,436893,436892,transaction,108
2242,,,eula,13
2248,92651,92650,rad,11
2252,339561,339560,service,78
2262,,,secure-coding,15
2266,386866,386865,np-complete,9
2268,122868,122867,windows-8,35
2276,162493,162492,fpa,5
2278,361786,361785,query,73
2282,,,numeric-precision,33
2284,,,msdn,7
2285,290723,290722,model,121
2287,,,xslt,22
2290,134332,134331,redis,84
2293,158111,158110,pagination,38
2303,287617,287616,jira,55
2315,,,program,10
2317,212783,212782,defensive-programming,26
2324,224731,224730,mvp,113
2325,,,chat,25
2327,222401,222400,soap,59
2334,,,codefirst,19
2336,436877,436876,immutability,158
2348,,,defect,21
2353,310215,310214,ftp,19
2358,123520,123519,cqrs,287
2363,387427,387426,parallel-programming,71
2367,,,login,82
2368,,,final,22
2374,89713,89712,csda,3
2375,,,business-intelligence,14
2378,,,case-insensitivity,5
2380,,,audit,23
2383,377738,377737,trees,159
2386,,,text-processing,55
2388,,,pdf,27
2395,,,access-control,63
2396,,,cocoa,14
2399,312202,312201,array,214
2404,,,user-interaction,17
2407,,,risk-assesment,5
2409,,,properties,84
2414,,,geometry,62
2420,,,auto-completion,9
2423,206994,206993,normalization,60
2432,,,verification,52
2435,166830,166829,server,252
2436,,,webforms,58
2444,,,type-conversion,27
2447,,,designer,5
2449,159190,159189,ooad,22
2452,,,error-detection,24
2454,,,translate,21
2457,159117,159116,pascal,19
2462,244468,244467,d,7
2465,112132,112131,user-story,167
2469,,,non-disclosure-agreement,10
2470,,,http-request,108
2471,,,http-response,64
2473,213079,213078,dao,55
2475,212420,212419,task,26
2477,,,web-crawler,22
2478,,,wikipedia,8
2479,,,numbers,70
2482,199601,199600,definition,66
2488,,,octal,3
2495,,,ooda,2
2497,299352,299351,cmake,30
2499,377780,377779,architectural-patterns,374
2502,,,object,92
2503,285120,285119,class,287
2507,,,big-theta,6
2510,289541,289540,project-planning,33
2513,258582,258581,genetic-algorithms,44
2518,,,manual-testing,18
2524,,,agpl,46
2528,,,system-architecture,17
2529,260214,260213,payment,34
2531,,,multiple-inheritance,50
2533,,,sinatra,5
2534,158165,158164,class-diagram,164
2537,365586,365585,reflection,51
2538,179503,179502,c++11,173
2542,102655,102654,phpstorm,4
2551,102657,102656,sdk,27
2557,102082,102081,barcode,6
2558,102202,102201,career-development,70
2560,,,custom-control,5
2565,112126,112125,product-backlog,32
2569,229041,229040,use-case,206
2578,109266,109265,dry,145
2579,344716,344715,domain-specific-languages,11
2580,,,automatic-programming,5
2583,,,membership-provider,3
2586,156444,156443,razor,18
2587,,,multitasking,16
2592,,,order,19
2593,,,map,63
2594,,,visualization,20
2595,,,static-methods,96
2596,,,integration,80
2597,,,unit-of-work,43
2600,,,rationale,2
2608,,,cocomo,10
2609,373302,373301,flow,7
2612,,,p2p,22
2617,303417,303416,multi-platform,28
2619,,,roles,38
2623,167344,167343,networks,55
2625,,,observer-pattern,85
2629,,,visual-foxpro,4
2636,166710,166709,metro,16
2637,108544,108543,winrt,15
2638,,,suffix-trees,3
2647,336823,336822,https,32
2648,278493,278492,exception-handling,139
2652,,,files,62
2653,362561,362560,compression,64
2654,,,indexing,67
2656,388288,388287,code-security,37
2657,366413,366412,flask,38
2660,,,multitenancy,77
2661,156965,156964,android-development,110
2663,,,latency,24
2667,,,make,21
2669,110888,110887,event-programming,225
2671,,,sequence-diagram,70
2673,,,graph-traversal,54
2676,235302,235301,directory-structure,47
2680,143948,143947,shell,46
2689,235214,235213,knowledge-transfer,66
2691,,,declarations,14
2694,,,case-tools,3
2697,,,video,34
2698,,,awt,3
2699,,,xmlhttprequest,14
2700,,,presentation-model,5
2702,,,compatibility,24
2703,,,modern,6
2705,,,web-servers,37
2707,,,ml,2
2709,,,adapter,25
2710,133787,133786,mongo,20
2713,,,document-databases,37
2714,285043,285042,stack,79
2715,,,heap,55
2716,240778,240777,crud,51
2718,,,word,12
2719,,,fragmentation,5
2720,,,allocation,31
2721,,,malloc,20
2722,179511,179510,procedural,44
2726,279738,279737,svg,5
2729,216782,216781,cvs,7
2733,164614,164613,dart,13
2734,131188,131187,coffeescript,12
2737,,,forking,55
2739,,,xpath,5
2741,,,prince2,3
2744,301774,301773,random,123
2752,,,eai,7
2758,,,junit,47
2759,,,speed,53
2761,,,explicit,6
2763,,,virtual-machine-languages,7
2765,200670,200669,structured-programming,14
2767,,,imperative-programming,34
2777,120712,120711,test-management,6
2778,120714,120713,requirements-management,77
2794,,,heuristics,15
2795,,,large-scale-project,33
2798,170200,170199,task-organization,26
2802,126707,126706,graph,190
2804,,,generalization,6
2806,162232,162231,embedded-systems,174
2807,,,dynamic-inheritance,7
2811,229029,229028,computer-vision,25
2815,,,byte,27
2816,279736,279735,mariadb,10
2825,,,revisions,4
2827,206932,206931,polling,44
2828,199411,199410,io,89
2840,232173,232172,single-responsibility,277
2841,199641,199640,coldfusion,12
2844,,,buffers,17
2845,436858,436857,polymorphism,193
2846,436851,436850,event-sourcing,255
2851,,,event,93
2854,128048,128047,usb,11
2856,,,javadocs,23
2866,,,mixins,17
2867,155003,155002,com,16
2868,369257,369256,extjs,12
2869,123419,123418,quotations,6
2871,,,big-data,75
2873,,,canvas,26
2874,167544,167543,deprecation,24
2875,232710,232709,machine-code,28
2876,159150,159149,dynamic-programming,66
2881,128007,128006,felix,2
2888,,,exit-strategy,6
2890,,,routing,51
2892,333641,333640,editor-navigation,5
2894,,,graph-databases,36
2897,,,dijkstra,10
2900,,,crystal-reports,3
2901,206260,206259,ssrs,4
2902,,,dynamic-data,8
2905,,,linking,34
2907,134180,134179,cmmi,10
2913,,,website-performance,20
2915,182092,182091,taocp,6
2916,,,boolean,67
2917,,,logic,49
2919,,,install,8
2921,,,memcached,14
2922,128009,128008,lexer,44
2924,,,stacktrace,2
2933,,,linked-list,37
2936,,,parser-combinator,6
2939,,,server-security,16
2943,272692,272691,gettext,5
2957,,,method-overloading,37
2959,,,uuid,20
2960,,,sms,13
2963,,,component,67
2964,,,sql-azure,12
2973,235308,235307,technical-writing,10
2976,131301,131300,personal-software-process,2
2978,,,dynamic-languages,17
2989,,,rendering,23
2992,,,turing-completeness,26
2995,,,effort,6
2996,,,warranty,3
2997,,,wizard,4
2998,132745,132744,literate-programming,5
3005,167542,167541,cgi,11
3009,,,view,40
3010,171661,171660,design-by-contract,30
3012,,,process-improvement,9
3013,,,session,104
3015,,,perforce,10
3018,411647,411646,sharding,39
3019,,,gtk,8
3027,256328,256327,keys,26
3040,261061,261060,biztalk,4
3042,158550,158549,serialization,132
3045,,,return-type,48
3046,,,cron,41
3052,,,conventions,121
3063,188573,188572,asp.net-mvc-4,61
3068,294256,294255,arm,20
3075,305475,305474,high-performance,30
3078,180649,180648,mongodb,197
3079,,,rules-engine,31
3084,,,google-closure,3
3085,,,ontology,6
3086,139781,139780,semantic-web,12
3090,,,process,78
3101,431653,431652,state,154
3110,,,software-patches,17
3114,,,annotations,36
3116,213244,213243,lucene,14
3123,187224,187223,code-ownership,20
3124,216777,216776,scm,29
3127,,,entry-point,10
3128,,,document-management,9
3131,,,endianness,15
3132,310276,310275,build-system,69
3133,179332,179331,team-foundation-server,150
3139,223481,223480,websockets,129
3141,,,rule-of-three,5
3144,,,cookies,52
3146,,,monkey-patch,6
3147,,,css3,24
3149,,,dataflow,21
3150,,,signals,12
3152,,,graphical-code,3
3153,,,firmware,14
3156,,,cvcs,8
3164,,,delivery,9
3168,,,healthcare,5
3170,,,message-passing,30
3176,,,object-pascal,3
3180,,,csv,29
3184,,,open-close,29
3185,,,help-documentation,9
3195,,,heatmap,2
3196,,,asm,7
3197,290177,290176,locks,76
3199,167355,167354,loops,153
3200,,,const,35
3204,,,ascii,17
3210,,,method-chaining,37
3216,,,rpc,32
3222,,,continuation,11
3229,,,image,40
3232,289151,289150,analytics,38
3235,153210,153209,gerrit,6
3236,287945,287944,sqlite,69
3241,,,ninject,15
3242,,,integration-testing,47
3244,,,keywords,26
3249,,,queue,66
3251,166832,166831,client,65
3253,185358,185357,naming-standards,160
3258,,,function-point,5
3259,436822,436821,data-modeling,105
3260,,,url,51
3263,,,minify,6
3264,234979,234978,legacy-code,76
3266,,,spring-mvc,52
3276,,,development,36
3281,,,heroku,14
3286,196645,196644,ceylon,1
3289,,,arithmetic,30
3290,354476,354475,separation-of-concerns,140
3291,,,include,21
3292,436869,436868,data-replication,34
3294,,,tail-call,14
3308,,,oauth2,107
3315,,,space-technology,8
3316,,,vba,27
3317,,,algebraic-data-type,10
3319,304920,304919,merging,68
3321,,,analogy,8
3323,,,jsf,23
3328,,,brookslaw,2
3344,167419,167418,dynamic-linking,21
3348,,,evidence-based,6
3368,167413,167412,data-flow-diagram,18
3369,,,local-storage,20
3373,,,calculus,5
3379,166708,166707,modern-ui,1
3380,166721,166720,visual-studio-2012,11
3382,173568,173567,bitbucket,21
3383,167214,167213,typescript,119
3384,,,cohesion,25
3389,179529,179528,riak,1
3391,,,factor,3
3392,,,forth,5
3393,,,memory-usage,98
3396,,,attribution,15
3418,,,multiprocessing,29
3425,,,hmac,11
3426,171446,171445,feasibility,6
3429,336375,336374,algorithm-analysis,107
3430,363603,363602,image-processing,55
3434,367209,367208,powershell,17
3435,,,collections,109
3436,221064,221063,higher-order-functions,28
3440,,,windows-phone-8,11
3445,,,dependency-management,119
3447,,,functional-testing,51
3448,,,dynamic,23
3453,,,principles,13
3454,,,sip,5
3458,,,asynchronous-programming,173
3466,177351,177350,currying,14
3476,189581,189580,java8,72
3487,,,static-keyword,8
3489,180127,180126,static-access,37
3490,180260,180259,static-linking,20
3491,344857,344856,cloud,56
3500,181105,181104,yii,3
3505,,,jboss,7
3506,,,asp.net-mvc-web-api,90
3514,,,srs,8
3515,223207,223206,common-lisp,26
3519,,,filtering,33
3523,,,visitor-pattern,36
3524,202709,202708,phpunit,27
3528,202106,202105,akka,34
3541,187988,187987,rebol,5
3543,,,joda-time,2
3551,,,burndown,13
3569,294262,294261,generic-programming,26
3574,,,update,10
3575,,,sublime-text,3
3578,,,out-parameters,5
3579,,,mutable,25
3586,,,floating-point,80
3587,,,warnings,16
3592,223705,223704,lisp-machine,2
3595,,,operator-precedence,15
3600,205274,205273,cdn,11
3602,,,ember.js,6
3605,,,bit,30
3606,196418,196417,camelcase,7
3608,,,factory-method,71
3610,,,3rd-party,10
3611,,,value-object,47
3620,203127,203126,vbscript,2
3621,198518,198517,sgml,2
3627,200866,200865,ssa,1
3628,,,redirect,6
3630,205553,205552,protobuf,23
3631,419549,419548,constructors,147
3635,,,responsive-design,21
3637,,,register,15
3638,,,globals,74
3644,203125,203124,upload,14
3651,,,information-theory,6
3660,203815,203814,hateoas,40
3661,,,surrogate-keys,9
3662,,,interoperability,17
3664,205549,205548,solr,8
3667,,,pull-requests,65
3670,205545,205544,malicious-code,6
3671,,,plugin-architecture,39
3672,,,producer-consumer,26
3673,204634,204633,parameters,136
3678,205547,205546,luajit,1
3680,326215,326214,asn.1,2
3682,205875,205874,dogfooding,12
3686,,,opencl,4
3691,379140,379139,web-api,364
3694,337614,337613,jee,7
3715,223703,223702,common-lisp-object-system,1
3716,,,bundling,9
3719,,,ravendb,5
3723,210661,210660,apache-kafka,77
3724,210736,210735,asp-classic,12
3730,211266,211265,google-guice,9
3732,,,data-integrity,19
3739,,,gnu,22
3745,,,activerecord,13
3746,,,queueing,17
3751,,,drivers,29
3757,285365,285364,semantic-versioning,117
3759,223145,223144,thrift,3
3761,,,static,63
3762,378300,378299,instance,19
3763,251037,251036,raii,13
3766,216501,216500,loc,6
3776,222848,222847,angularjs,201
3777,235470,235469,language-specifications,7
3778,219236,219235,docker,113
3780,,,computation-expressions,10
3786,,,string-matching,38
3788,223444,223443,boxing,5
3789,223487,223486,c11,4
3793,287950,287949,offline,18
3795,,,indexeddb,7
3801,,,date-patterns,6
3807,223484,223483,aws,149
3808,,,unit-test-data,9
3811,223894,223893,chess,24
3812,223438,223437,racket,6
3818,223662,223661,laravel,129
3819,,,apache2,6
3825,436873,436872,client-server,174
3826,224093,224092,bootstrap,26
3827,225448,225447,firefoxos,1
3832,224851,224850,preferences,7
3833,,,settings,30
3839,226627,226626,pci,8
3842,228434,228433,phantomjs,2
3843,,,currency,7
3844,,,command-message,12
3850,229010,229009,perceptron,2
3854,,,package-managers,32
3855,,,uri,28
3857,237191,237190,brainfuck,4
3866,,,bytecode,21
3867,,,jre,3
3874,,,orchestration,10
3882,,,polyfill,4
3885,234336,234335,if-statement,31
3890,,,dispatch,8
3896,237255,237254,gitlab,34
3901,,,huffman-encoding,11
3906,,,hooks,14
3919,240283,240282,decorator,47
3920,375683,375682,factory,100
3924,241076,241075,template-method,17
3926,,,lambda-calculus,11
3929,242867,242866,swift-language,106
3932,,,circular-dependency,49
3934,244839,244838,yaml,6
3935,244923,244922,pure-function,39
3936,250298,250297,poco,9
3938,,,calling-conventions,8
3939,,,osgi,7
3942,,,compilation,59
3944,246441,246440,purescript,1
3948,,,typeclass,7
3950,367125,367124,es6,30
3951,247420,247419,windows-runtime,2
3953,250062,250061,cross-language,5
3961,251817,251816,elasticsearch,43
3963,365055,365054,reactive,51
3966,253102,253101,file-formats,22
3967,326509,326508,metadata,13
3973,419290,419289,distributed-system,175
3984,,,rspec,8
3989,,,type-theory,6
3991,256369,256368,combinatorics,40
3996,,,rake,2
3997,257783,257782,finally,5
3999,258145,258144,domain-name-system,14
4000,,,sql-domain,2
4001,,,domain-objects,27
4011,,,amd,5
4017,,,notify,3
4020,,,subtypes,9
4026,,,either,4
4030,,,bamboo,6
4031,,,matrices,20
4035,318683,318682,microservices,943
4036,,,modularization,41
4040,,,blob,10
4044,,,trait,18
4045,,,delegation,14
4050,,,gradle,17
4051,333614,333613,nuget,46
4052,290552,290551,rust,34
4056,373328,373327,dto,87
4058,,,posix,15
4059,,,eventual-consistency,71
4061,286893,286892,stream-processing,82
4066,,,argparse,5
4068,270506,270505,io.js,2
4071,,,strong-typing,7
4072,283995,283994,setters,25
4077,279730,279729,webgl,5
4079,436516,436515,functional-requirements,22
4081,,,lookup,12
4093,285997,285996,aot,4
4094,275253,275252,nginx,22
4095,,,load-balancing,44
4100,,,bios,5
4101,277626,277625,abi,7
4111,,,pipelining,15
4114,,,ms-dos,3
4123,279728,279727,cygwin,1
4126,344258,344257,less,3
4127,279649,279648,telerik,1
4128,279671,279670,ip-address,17
4136,,,undefined-behavior,15
4140,,,asp.net-mvc5,19
4143,,,devops,81
4144,,,operations,6
4147,,,virtual-functions,21
4150,,,blocking-function-call,4
4156,,,reference-counting,7
4164,295156,295155,golang,33
4169,,,type,16
4173,,,asynchronous,29
4175,,,rating-systems,2
4176,,,ranking-systems,7
4179,,,reactjs,115
4180,,,path,17
4181,,,builder-pattern,51
4183,360648,360647,controller,34
4185,,,mumps,2
4186,,,shunting-yard,5
4194,290816,290815,furps+,3
4196,,,behat,3
4197,,,hexadecimal,12
4201,,,this,7
4202,,,windows-10,7
4203,,,windows-phone-8.1,2
4204,430360,430359,uwp,5
4205,293946,293945,gtest,11
4206,,,change-management,20
4221,,,linguistics,4
4225,,,end-to-end,15
4226,,,monitoring,27
4230,,,fossil,2
4235,442544,442543,onion-architecture,68
4236,,,path-finding,15
4237,,,a-star,3
4247,302131,302130,vliw,1
4248,360337,360336,callbacks,29
4249,376668,376667,promises,26
4250,,,backend,125
4254,377804,377803,service-locator,47
4255,,,abstract-factory,29
4261,,,proxy,20
4262,311682,311681,dependency-inversion,62
4272,,,esb,10
4273,325894,325893,camel,5
4274,340646,340645,mongoose,9
4277,,,subclassing,17
4281,,,virtual-inheritance,4
4286,,,matrix,15
4298,,,notifications,25
4302,,,flux,7
4308,,,native,8
4309,,,wrapper,19
4317,,,unity3d,22
4320,,,hashtable,21
4322,314588,314587,hiphop,1
4323,315489,315488,liskov-substitution,94
4325,398479,398478,redux,51
4326,,,overriding,16
4328,,,multiple-dispatch,8
4329,315856,315855,google-cloud-datastore,9
4331,,,pthreads,7
4333,,,law-of-demeter,13
4338,,,appcache,2
4339,,,service-workers,12
4340,,,unique-data,11
4353,,,xamarin,32
4357,,,store,7
4359,,,typedef,6
4361,324845,324844,hypermedia,2
4366,,,apache-storm,2
4369,436474,436473,non-functional,11
4371,,,dapper,9
4373,,,open-closed-principle,36
4380,330432,330431,batch,6
4382,,,selenium-webdriver,5
4387,329860,329859,openapi,3
4395,,,read-only,4
4398,,,npm,24
4400,331999,331998,antibugging,6
4402,,,statement,2
4406,,,angular2,56
4407,,,getters,22
4417,,,facade,16
4418,337631,337630,robotframework,1
4419,358882,358881,.net-core,85
4424,,,spark,19
4425,,,paging,3
4428,336189,336188,lustre,1
4430,,,geolocation,17
4432,336771,336770,swagger,9
4435,,,dynamic-analysis,3
4444,,,compile-time,13
4446,,,fail-fast,5
4449,,,test-scenarios,6
4454,,,semaphore,16
4455,,,mutex,18
4457,,,duplicate-keys,3
4459,389525,389524,asp.net-core,187
4460,,,submodules,14
4462,,,data-binding,8
4466,,,segmentation,4
4467,,,elm,3
4471,,,react,66
4472,,,weak-references,3
4478,360320,360319,untagged,1
4480,344260,344259,large-scale-scrum,3
4481,344262,344261,scaled-agile-framework,10
4483,,,boolean-logic,5
4487,,,event-handling,40
4491,,,logical-operator,6
4493,347343,347342,c++14,18
4494,,,constants,20
4496,347722,347721,default-method,2
4503,423397,423396,relational-modelling,16
4505,,,xsd,7
4509,430856,430855,webpack,7
4510,351623,351622,abac,2
4513,,,servlet,4
4515,,,correlation,2
4521,352643,352642,ocl,5
4524,,,data-access,9
4525,,,google-maps,8
4526,,,factory-pattern,27
4529,356907,356906,iot,30
4532,356905,356904,react-native,14
4533,356826,356825,jwt,68
4551,436891,436890,repository-pattern,122
4557,,,cqs,13
4560,,,scaling,10
4561,361780,361779,pattern-matching,34
4562,,,socket.io,10
4565,363142,363141,non-determinism,1
4569,401840,401839,hexagonal-architecture,36
4579,,,map-reduce,5
4587,,,blockchain,10
4590,,,strategy-pattern,24
4591,,,rabbitmq,55
4594,,,json-schema,7
4602,,,efcore,21
4611,,,single-page-apps,24
4613,436826,436825,entity-component-system,22
4618,,,automata,2
4620,,,rbac,10
4622,,,struct,6
4625,373283,373282,control-flow,13
4628,,,rate-limiting,9
4629,,,sqlalchemy,9
4630,375510,375509,trie,22
4633,,,spring-boot,68
4634,,,boundaries,5
4639,,,read-model,23
4646,,,serverless,21
4653,,,fault-tolerance,13
4661,423324,423323,clean-architecture,193
4667,,,redux-saga,3
4668,,,saga,9
4669,,,command-pattern,12
4678,,,time-zone,2
4679,,,planning-poker,3
4680,388475,388474,local-variable,5
4682,,,azure-devops,17
4683,,,kubernetes,35
4687,,,bpmn,18
4690,,,vue.js,19
4699,,,teamcity,2
4702,,,smtp,7
4704,395251,395250,graphql,19
4710,,,containerization,13
4719,408893,408892,hl7-fhir,1
4720,,,angular,34
4722,,,streams,8
4733,,,react-hooks,3
4736,,,decision-making,4
4747,406132,406131,protocol-buffers,2
4748,,,consistency,6
4750,,,kotlin,22
4755,406893,406892,amqp,6
4757,,,tracing,3
4759,,,branch,5
4760,,,firebase,6
4762,,,cd,2
4769,410522,410521,multi-file-programming,1
4789,416712,416711,c++-cli,4
4790,,,tokens,6
4793,421857,421856,pwa,4
4798,421589,421588,security-policy,1
4804,422776,422775,visual-testing,9
4814,,,reusable,2
4819,,,grpc,7
4825,,,action,2
4826,,,eventgrid,3
4834,,,subdomain,2
4836,,,agent-based,2
4838,,,qr-code,11
4839,430920,430919,microfrontends,12
4849,,,monorepo,2
4850,435626,435625,cors,1
4857,,,doxygen,2
4859,,,customization,2
4863,,,idempotency,2
4865,,,toml,1
4866,,,content-negotiation,1
4867,,,structured-concurrency,1
4869,,,information-hiding,1
4872,,,streaming,1
4873,,,express.js,1
4877,,,api-gateway,2
4878,,,minio,1
4879,,,symbolic-constants,1
4880,,,smtp-auth,1
4881,,,office365,1
